Density,Replicate,day,number surviving to day x,number of eggs on day x
5,1,0,24,
5,1,20,12,
5,1,24,11,
5,1,27,10,
5,1,28,10,1
5,1,30,10,52
5,1,32,10,54
5,1,34,10,38
5,1,36,10,
5,1,38,10,
5,1,40,10,106
5,1,42,10,
5,1,44,9,29
5,1,46,9,
5,1,48,9,
5,1,50,9,
5,1,52,8,
5,1,54,8,40
5,1,56,8,92
5,1,58,8,
5,1,60,8,80
5,1,62,7,1
5,1,64,6,
5,1,66,6,111
5,1,68,6,39
5,1,70,5,22
5,1,72,5,38
5,1,74,5,75
5,1,76,5,61
5,1,79,5,27
5,1,81,4,29
5,1,83,4,70
5,1,85,4,15
5,1,87,4,
5,1,89,4,76
5,1,91,4,21
5,1,93,3,
5,1,95,3,2
5,1,97,1,
5,1,99,1,
5,1,101,1,
5,1,103,1,
5,1,105,1,34
5,2,0,24,
5,2,25,8,
5,2,28,7,
5,2,30,7,
5,2,32,7,
5,2,34,7,53
5,2,36,6,23
5,2,38,5,1
5,2,40,5,
5,2,42,5,75
5,2,44,5,22
5,2,46,5,
5,2,48,5,25
5,2,50,5,
5,2,52,5,38
5,2,54,5,
5,2,56,5,
5,2,58,5,107
5,2,60,5,37
5,2,62,5,5
5,2,64,5,92
5,2,66,5,46
5,2,68,5,
5,2,70,5,3
5,2,72,5,2
5,2,74,5,3
5,2,76,5,98
5,2,79,5,114
5,2,81,5,
5,2,83,5,24
5,2,85,5,65
5,2,87,5,18
5,2,89,5,
5,2,91,5,55
5,2,93,5,50
5,2,95,4,37
5,2,97,4,
5,2,99,4,32
5,2,101,4,52
5,2,103,4,19
5,2,105,4,15
5,2,107,4,
5,2,109,4,14
5,2,111,4,19
5,2,113,4,15
5,2,115,3,1
5,2,117,3,16
5,2,119,3,
5,2,121,3,1
5,2,123,2,46
5,2,125,2,
5,2,127,2,
5,2,129,2,3
5,2,131,2,28
5,2,133,2,4
5,2,135,2,
5,2,137,2,27
5,2,139,2,
5,2,141,2,
5,2,143,2,13
5,2,145,2,14
5,2,147,2,
5,2,149,1,
5,2,153,1,
5,2,155,1,3
5,3,0,24,
5,3,15,10,
5,3,22,9,
5,3,28,8,
5,3,30,8,
5,3,32,8,
5,3,34,8,
5,3,36,8,12
5,3,38,8,42
5,3,40,8,
5,3,42,8,
5,3,44,8,
5,3,46,7,
5,3,48,7,
5,3,50,7,25
5,3,52,7,
5,3,54,7,
5,3,56,7,
5,3,58,7,
5,3,60,7,2
5,3,62,7,
5,3,64,7,
5,3,66,7,
5,3,68,7,
5,3,70,7,
5,3,72,7,
5,3,74,7,
5,3,76,7,19
5,3,79,7,68
5,3,81,7,33
5,3,83,7,
5,3,85,7,19
5,3,87,7,
5,3,89,7,
5,3,91,7,
5,3,93,7,16
5,3,95,7,
5,3,97,7,12
5,3,99,7,
5,3,101,7,
5,3,103,6,
5,3,105,5,
5,3,107,5,
5,3,109,4,
5,3,111,4,
5,3,113,4,
5,3,115,4,
5,3,117,4,
5,3,119,4,
5,3,121,4,
5,3,123,4,
5,3,125,4,
5,3,127,3,
5,3,129,2,
5,3,131,2,
5,3,133,2,23
5,3,135,2,8
5,3,137,2,
5,3,139,2,
5,3,141,1,
5,3,143,1,
5,3,145,1,
5,3,147,1,2
5,3,180,1,
5,3,215,1,
5,4,0,24,
5,4,23,14,
5,4,25,13,
5,4,27,12,
5,4,28,11,
5,4,30,11,22
5,4,32,9,19
5,4,34,9,61
5,4,36,9,
5,4,38,8,31
5,4,40,8,36
5,4,42,8,37
5,4,44,8,
5,4,46,8,48
5,4,48,7,
5,4,50,7,
5,4,52,7,
5,4,54,7,64
5,4,56,7,39
5,4,58,7,15
5,4,60,6,15
5,4,62,6,27
5,4,64,4,
5,4,66,4,
5,4,68,4,91
5,4,70,4,
5,4,72,4,
5,4,74,4,37
5,4,76,4,
5,4,79,4,50
5,4,81,3,
5,4,83,3,
5,4,85,3,
5,4,87,3,
5,4,89,3,26
5,4,91,3,
5,4,93,3,
5,4,95,3,16
5,4,97,2,
5,4,99,2,
5,4,101,2,9
5,4,103,2,12
5,4,105,2,
5,4,107,2,
5,4,109,2,20
5,4,111,2,
5,4,113,2,
5,4,115,2,
5,4,117,2,
5,4,119,2,16
5,4,121,2,
5,4,123,2,
5,4,125,2,10
5,4,130,1,
5,4,155,1,
5,5,0,24,
5,5,16,14,
5,5,20,13,
5,5,25,12,
5,5,27,11,
5,5,28,9,
5,5,30,8,
5,5,32,8,34
5,5,34,7,15
5,5,36,7,
5,5,38,7,59
5,5,40,7,
5,5,42,7,29
5,5,44,7,64
5,5,46,7,
5,5,48,7,77
5,5,50,6,
5,5,52,6,
5,5,54,6,15
5,5,56,6,74
5,5,58,6,29
5,5,60,6,1
5,5,62,4,1
5,5,64,4,
5,5,66,4,27
5,5,68,4,71
5,5,70,4,
5,5,72,3,
5,5,74,3,13
5,5,76,3,
5,5,79,3,24
5,5,81,3,
5,5,83,3,15
5,5,85,3,29
5,5,87,1,25
5,5,89,1,33
5,5,91,1,
5,5,93,1,
5,5,95,1,68
5,5,97,1,
5,5,99,1,
5,5,101,1,23
5,5,103,1,
5,5,105,1,9
5,5,107,1,48
5,5,109,1,
5,5,111,1,70
5,5,113,1,
5,5,115,1,
5,5,117,1,64
5,5,119,1,
5,5,121,1,
5,5,123,1,16
5,5,125,1,13
5,5,127,1,
5,5,129,1,
5,5,131,1,18
5,5,133,1,
5,5,135,1,
5,5,137,1,10
5,5,139,1,
5,5,141,1,
5,5,143,1,
5,5,145,1,28
5,5,147,1,
5,5,149,1,
5,5,153,1,28
5,5,155,1,2
5,5,157,1,
5,5,159,1,25
5,5,161,1,
5,5,163,1,
5,5,165,1,5
5,5,167,1,15
5,5,169,1,
5,5,171,1,
5,5,173,1,24
5,5,175,1,
5,5,177,1,
5,5,179,1,
5,5,181,1,
5,5,183,1,4
5,5,185,1,
5,5,187,1,
5,5,189,1,
5,5,191,1,
5,5,194,1,2
5,5,196,1,
5,5,198,1,17
5,5,204,1,
5,6,0,24,
5,6,21,18,
5,6,28,17,
5,6,30,17,
5,6,32,17,34
5,6,34,17,15
5,6,36,15,
5,6,38,14,59
5,6,40,14,
5,6,42,14,29
5,6,44,14,64
5,6,46,14,
5,6,48,13,77
5,6,50,13,
5,6,52,12,
5,6,54,12,15
5,6,56,12,74
5,6,58,12,29
5,6,60,12,1
5,6,62,12,1
5,6,64,12,
5,6,66,12,27
5,6,68,12,71
5,6,70,12,
5,6,72,12,
5,6,74,12,13
5,6,76,12,
5,6,79,12,24
5,6,81,12,
5,6,83,12,15
5,6,85,12,29
5,6,87,12,25
5,6,89,12,33
5,6,91,12,
5,6,93,12,
5,6,95,11,68
5,6,97,10,
5,6,99,10,
5,6,101,10,23
5,6,103,10,
5,6,105,10,9
5,6,107,9,48
5,6,109,9,
5,6,111,9,70
5,6,113,9,
5,6,115,9,
5,6,117,9,64
5,6,119,8,
5,6,121,8,
5,6,123,8,16
5,6,125,8,13
5,6,127,7,
5,6,129,7,
5,6,131,6,18
5,6,133,6,
5,6,135,5,
5,6,137,4,10
5,6,139,4,
5,6,141,4,
5,6,143,3,
5,6,145,2,28
5,6,147,2,
5,6,149,2,
5,6,153,2,28
5,6,155,2,2
5,6,157,2,
5,6,159,1,25
5,6,161,1,
5,7,0,24,
5,7,16,17,
5,7,19,16,
5,7,22,15,
5,7,28,14,
5,7,30,14,
5,7,32,14,71
5,7,34,13,2
5,7,36,13,4
5,7,38,13,24
5,7,40,13,
5,7,42,13,30
5,7,44,11,69
5,7,46,11,
5,7,48,10,84
5,7,50,9,45
5,7,52,9,163
5,7,54,9,52
5,7,56,8,60
5,7,58,7,31
5,7,60,7,105
5,7,62,7,23
5,7,64,7,
5,7,66,7,
5,7,68,7,58
5,7,70,7,48
5,7,72,7,85
5,7,74,7,23
5,7,76,7,54
5,7,79,7,76
5,7,81,7,
5,7,83,7,39
5,7,85,7,27
5,7,87,7,24
5,7,89,7,28
5,7,91,7,51
5,7,93,7,30
5,7,95,7,19
5,7,97,7,
5,7,99,6,19
5,7,101,6,13
5,7,103,5,21
5,7,105,5,
5,7,107,5,
5,7,109,4,
5,7,111,4,15
5,7,113,3,
5,7,115,3,57
5,7,117,2,
5,7,119,2,11
5,7,121,1,16
5,7,123,1,
5,8,0,24,
5,8,22,15,
5,8,27,14,
5,8,28,12,
5,8,30,12,
5,8,32,12,6
5,8,34,12,27
5,8,36,11,
5,8,38,11,
5,8,40,11,
5,8,42,11,23
5,8,44,11,
5,8,46,11,25
5,8,48,11,
5,8,50,11,39
5,8,52,10,4
5,8,54,9,
5,8,56,9,
5,8,58,9,
5,8,60,9,17
5,8,62,9,16
5,8,64,9,
5,8,66,9,1
5,8,68,8,
5,8,70,8,37
5,8,72,8,
5,8,74,8,33
5,8,76,8,79
5,8,79,8,
5,8,81,8,60
5,8,83,7,
5,8,85,7,
5,8,87,6,
5,8,89,6,
5,8,91,6,66
5,8,93,5,
5,8,95,5,
5,8,97,5,21
5,8,99,5,1
5,8,101,5,
5,8,103,2,
5,8,105,2,
5,8,107,2,
5,8,109,2,
5,8,111,2,21
5,8,113,2,
5,8,115,2,
5,8,117,2,5
5,8,119,2,
5,8,121,2,
5,8,123,2,34
5,8,125,2,41
5,8,127,2,
5,8,129,2,
5,8,131,2,
5,8,133,1,3
5,8,135,1,
5,8,137,1,71
5,9,0,24,
5,9,17,17,
5,9,21,16,
5,9,22,15,
5,9,28,12,
5,9,30,11,
5,9,32,10,
5,9,34,9,
5,9,36,7,5
5,9,38,6,
5,9,40,4,52
5,9,42,4,
5,9,44,4,
5,9,46,4,
5,9,48,4,
5,9,50,4,
5,9,52,3,
5,9,54,3,5
5,9,56,3,71
5,9,58,3,
5,9,60,3,
5,9,62,3,
5,9,64,3,
5,9,66,3,2
5,9,68,3,
5,9,70,3,
5,9,72,3,
5,9,74,3,
5,9,76,3,
5,9,79,3,9
5,9,81,3,
5,9,83,3,
5,9,85,3,
5,9,87,3,
5,9,89,3,
5,9,91,3,
5,9,93,3,16
5,9,95,3,
5,9,97,2,
5,9,99,2,
5,9,101,2,
5,9,103,2,6
5,9,105,2,8
5,9,107,2,
5,9,109,2,
5,9,111,2,
5,9,113,2,
5,9,115,2,
5,9,117,2,
5,9,119,2,8
5,9,121,2,
5,9,139,1,
5,10,0,24,
5,10,22,11,
5,10,27,10,
5,10,28,9,8
5,10,30,9,
5,10,32,9,2
5,10,34,9,
5,10,36,8,35
5,10,38,7,24
5,10,40,7,35
5,10,42,7,
5,10,44,7,15
5,10,46,7,9
5,10,48,7,
5,10,50,7,16
5,10,52,7,4
5,10,54,7,69
5,10,56,7,
5,10,58,6,25
5,10,60,6,25
5,10,62,6,
5,10,64,5,
5,10,66,5,38
5,10,68,5,
5,10,70,5,47
5,10,72,5,25
5,10,74,5,
5,10,76,5,
5,10,79,5,23
5,10,81,5,
5,10,83,4,61
5,10,85,4,
5,10,87,4,16
5,10,89,4,
5,10,91,4,38
5,10,93,2,10
5,10,95,2,
5,10,97,2,
5,10,99,2,15
5,10,101,2,
5,10,103,2,
5,10,105,2,
5,10,107,2,13
5,10,109,2,
5,10,111,2,
5,10,113,2,
5,10,115,2,
5,10,117,2,
5,10,119,2,
5,10,121,2,
5,10,123,2,
5,10,125,2,9
5,10,127,2,8
5,10,129,1,
10,1,0,24,
10,1,20,14,
10,1,22,13,
10,1,28,12,
10,1,30,12,
10,1,32,11,
10,1,34,11,
10,1,36,11,
10,1,38,11,48
10,1,40,11,
10,1,42,10,
10,1,44,10,54
10,1,46,10,
10,1,48,10,14
10,1,50,10,40
10,1,52,10,
10,1,54,10,33
10,1,56,10,29
10,1,58,10,30
10,1,60,10,
10,1,62,10,11
10,1,64,10,5
10,1,66,10,
10,1,68,10,52
10,1,70,10,
10,1,72,9,91
10,1,74,9,
10,1,76,9,53
10,1,79,9,125
10,1,81,9,17
10,1,83,8,12
10,1,85,8,35
10,1,87,7,
10,1,89,7,35
10,1,91,7,27
10,1,93,7,13
10,1,95,5,12
10,1,97,5,
10,1,99,5,25
10,1,101,5,
10,1,103,5,
10,1,105,4,
10,1,107,4,33
10,1,109,4,5
10,1,111,3,48
10,1,113,3,24
10,1,115,3,
10,1,117,3,
10,1,119,3,24
10,1,121,3,
10,1,123,3,
10,1,125,3,
10,1,127,3,
10,1,129,2,
10,1,131,2,
10,1,133,2,
10,1,135,2,12
10,2,0,24,
10,2,28,18,
10,2,30,18,
10,2,32,18,
10,2,34,18,
10,2,36,18,63
10,2,38,14,
10,2,40,14,61
10,2,42,14,67
10,2,44,14,19
10,2,46,14,69
10,2,48,14,56
10,2,50,14,70
10,2,52,14,
10,2,54,14,66
10,2,56,14,
10,2,58,14,42
10,2,60,13,
10,2,62,13,73
10,2,64,13,40
10,2,66,13,
10,2,68,13,112
10,2,70,13,22
10,2,72,13,12
10,2,74,13,103
10,2,76,13,16
10,2,79,13,76
10,2,81,13,
10,2,83,13,
10,2,85,13,19
10,2,87,13,26
10,2,89,13,50
10,2,91,11,3
10,2,93,11,39
10,2,95,10,
10,2,97,8,38
10,2,99,8,
10,2,101,8,31
10,2,103,8,
10,2,105,8,13
10,2,107,8,21
10,2,109,8,11
10,2,111,7,
10,2,113,7,12
10,2,115,6,28
10,2,117,6,
10,2,119,6,
10,2,121,6,20
10,2,123,6,13
10,2,125,5,
10,2,127,4,1
10,2,129,4,3
10,2,131,2,
10,3,0,24,
10,3,28,16,
10,3,30,16,
10,3,32,16,
10,3,34,16,
10,3,36,16,
10,3,38,16,
10,3,40,15,
10,3,42,14,
10,3,44,14,
10,3,46,13,
10,3,48,13,
10,3,50,12,
10,3,52,12,
10,3,54,11,
10,3,56,10,
10,3,58,10,
10,3,60,10,
10,3,62,10,
10,3,64,10,
10,3,66,10,
10,3,68,10,
10,3,70,10,
10,3,72,9,
10,3,74,9,
10,3,76,9,
10,3,79,9,
10,3,81,9,
10,3,83,9,
10,3,85,9,
10,3,87,9,
10,3,89,9,
10,3,91,9,
10,3,93,7,
10,3,95,7,
10,3,97,7,
10,3,99,6,
10,3,101,6,
10,3,103,6,
10,3,105,6,
10,3,107,6,
10,3,109,6,
10,3,111,6,
10,3,113,6,
10,3,115,6,
10,3,117,6,
10,3,119,6,
10,3,121,6,
10,3,123,6,
10,3,125,6,
10,3,127,6,
10,3,129,6,
10,3,131,6,
10,3,133,5,
10,3,135,5,
10,3,137,5,
10,3,139,5,
10,3,141,5,
10,3,143,5,
10,3,145,4,
10,3,147,4,
10,3,149,4,
10,3,153,4,
10,3,155,4,
10,3,166,3,
10,3,174,1,
10,4,0,24,
10,4,26,22,
10,4,28,21,
10,4,30,20,
10,4,32,19,21
10,4,34,19,
10,4,36,19,25
10,4,38,17,
10,4,40,17,
10,4,42,17,1
10,4,44,15,71
10,4,46,14,
10,4,48,14,
10,4,50,14,
10,4,52,14,
10,4,54,14,7
10,4,56,14,36
10,4,58,13,
10,4,60,13,
10,4,62,13,1
10,4,64,13,
10,4,66,13,
10,4,68,13,30
10,4,70,12,36
10,4,72,12,
10,4,74,12,49
10,4,76,12,57
10,4,79,12,40
10,4,81,12,
10,4,83,12,
10,4,85,12,21
10,4,87,12,47
10,4,89,12,
10,4,91,12,40
10,4,93,12,68
10,4,95,12,
10,4,97,12,
10,4,99,11,26
10,4,101,11,
10,4,103,11,18
10,4,105,10,
10,4,107,9,
10,4,109,9,46
10,4,111,9,21
10,4,113,9,44
10,4,115,9,
10,4,117,8,51
10,4,119,6,
10,4,121,6,55
10,4,123,5,
10,4,125,5,37
10,4,127,4,25
10,4,129,4,
10,4,131,4,
10,4,133,4,
10,4,135,4,10
10,4,137,4,
10,4,139,4,
10,4,141,4,14
10,4,143,4,12
10,4,145,4,
10,4,147,4,
10,4,149,4,18
10,4,153,4,
10,4,155,3,14
10,4,157,3,
10,4,159,3,20
10,4,161,3,4
10,4,163,3,4
10,4,165,2,
10,4,167,2,
10,4,169,2,9
10,4,171,2,
10,4,173,2,
10,4,175,1,
10,4,177,1,
10,4,179,1,11
10,4,181,1,
10,4,183,1,
10,4,185,1,
10,4,187,1,11
10,4,189,1,
10,4,191,1,
10,4,194,1,
10,4,196,1,
10,4,198,1,
10,4,200,1,
10,4,202,1,11
10,5,0,24,
10,5,24,15,
10,5,28,14,
10,5,30,14,
10,5,32,14,
10,5,34,13,
10,5,36,13,
10,5,38,13,
10,5,40,13,
10,5,42,12,3
10,5,44,12,
10,5,46,12,
10,5,48,9,22
10,5,50,9,112
10,5,52,9,
10,5,54,9,35
10,5,56,9,58
10,5,58,9,22
10,5,60,9,47
10,5,62,8,132
10,5,64,7,
10,5,66,7,32
10,5,68,7,30
10,5,70,7,60
10,5,72,6,135
10,5,74,6,57
10,5,76,6,56
10,5,79,6,55
10,5,81,5,109
10,5,83,5,97
10,5,85,5,52
10,5,87,5,
10,5,89,5,68
10,5,91,5,74
10,5,93,5,
10,5,95,5,41
10,5,97,5,33
10,5,99,4,
10,5,101,4,12
10,5,103,4,25
10,5,105,4,
10,5,107,4,
10,5,109,4,24
10,5,111,4,26
10,5,113,4,
10,5,115,4,
10,5,117,4,5
10,5,119,4,
10,5,121,4,
10,5,123,4,4
10,5,126,4,
10,5,136,3,
10,5,138,2,
10,5,165,1,
10,6,0,24,
10,6,22,18,
10,6,28,17,
10,6,30,16,
10,6,32,15,
10,6,34,14,
10,6,36,13,
10,6,38,12,
10,6,40,11,31
10,6,42,11,
10,6,44,10,
10,6,46,7,
10,6,48,7,
10,6,50,6,
10,6,52,5,
10,6,54,5,
10,6,56,5,
10,6,58,5,
10,6,60,5,
10,6,62,5,45
10,6,64,5,
10,6,66,5,
10,6,68,5,
10,6,70,5,
10,6,72,5,
10,6,74,5,21
10,6,76,5,
10,6,79,4,30
10,6,81,4,
10,6,83,4,
10,6,85,4,
10,6,87,4,
10,6,89,4,2
10,6,91,4,
10,6,93,4,23
10,6,95,3,
10,6,97,3,
10,6,99,3,
10,6,101,3,17
10,6,103,3,
10,6,105,3,
10,6,107,2,
10,6,109,2,
10,6,111,2,
10,6,113,2,
10,6,115,2,
10,6,117,2,1
10,6,120,1,
10,7,0,24,
10,7,28,15,
10,7,30,15,
10,7,32,13,
10,7,34,12,
10,7,36,12,
10,7,38,11,
10,7,40,10,
10,7,42,10,
10,7,44,9,
10,7,46,9,
10,7,48,8,
10,7,50,8,
10,7,52,8,
10,7,54,7,
10,7,56,7,
10,7,58,7,
10,7,60,6,
10,7,62,5,
10,7,64,5,
10,7,66,5,
10,7,68,5,
10,7,70,5,
10,7,72,5,
10,7,74,5,
10,7,76,5,
10,7,79,5,
10,7,81,5,
10,7,83,5,
10,7,85,4,
10,7,92,1,
10,8,0,28,
10,8,23,22,
10,8,26,21,
10,8,27,20,
10,8,28,19,
10,8,30,19,
10,8,32,18,
10,8,34,18,
10,8,36,18,
10,8,38,18,
10,8,40,14,
10,8,42,14,
10,8,44,14,
10,8,46,14,
10,8,48,14,
10,8,50,13,
10,8,52,12,12
10,8,54,10,
10,8,56,10,
10,8,58,10,
10,8,60,10,
10,8,62,10,
10,8,64,10,
10,8,66,10,
10,8,68,10,
10,8,70,9,
10,8,72,9,
10,8,74,8,
10,8,76,8,
10,8,79,8,
10,8,81,8,
10,8,83,8,
10,8,85,8,
10,8,87,8,
10,8,89,8,
10,8,91,7,89
10,8,93,7,
10,8,95,7,
10,8,97,7,
10,8,99,7,
10,8,101,6,
10,8,103,6,41
10,8,105,5,
10,8,107,4,
10,8,109,4,16
10,8,111,4,
10,8,113,2,33
10,8,115,2,
10,8,117,2,
10,8,119,2,41
10,8,120,2,
10,8,126,1,
10,8,131,1,
10,9,0,24,
10,9,25,23,
10,9,28,22,
10,9,30,21,
10,9,32,21,
10,9,34,17,
10,9,36,17,
10,9,38,17,
10,9,40,17,10
10,9,42,16,
10,9,44,15,6
10,9,46,14,
10,9,48,13,
10,9,50,13,
10,9,52,13,
10,9,54,13,
10,9,56,12,14
10,9,58,12,
10,9,60,12,10
10,9,62,11,
10,9,64,10,
10,9,66,10,
10,9,68,10,
10,9,70,7,6
10,9,72,6,
10,9,74,6,
10,9,76,6,
10,9,79,6,
10,9,81,6,
10,9,83,6,
10,9,85,6,
10,9,87,6,
10,9,89,6,1
10,9,91,6,
10,9,93,5,
10,9,95,5,
10,9,97,5,
10,9,99,5,
10,9,101,5,
10,9,103,4,
10,9,105,4,
10,9,107,4,
10,9,109,4,
10,9,111,4,
10,9,113,4,
10,9,115,4,
10,9,117,4,
10,9,119,3,
10,9,121,3,
10,9,123,3,
10,9,125,3,
10,9,127,3,3
10,9,129,3,
10,9,131,3,
10,9,133,3,
10,9,135,3,
10,9,137,3,
10,9,139,2,
10,9,141,2,
10,9,143,2,
10,9,145,2,
10,9,147,1,
10,9,149,1,
10,9,153,1,
10,9,155,1,
10,9,157,1,
10,9,159,1,
10,9,161,1,1
10,10,0,24,
10,10,23,20,
10,10,28,19,
10,10,30,19,
10,10,32,16,
10,10,34,15,
10,10,36,15,
10,10,38,14,
10,10,40,14,
10,10,42,13,
10,10,44,13,
10,10,46,12,
10,10,48,11,
10,10,50,11,
10,10,52,9,
10,10,54,9,
10,10,56,9,
10,10,58,9,
10,10,60,6,6
10,10,62,5,
10,10,64,4,
10,10,66,4,
10,10,68,4,
10,10,70,4,
10,10,72,4,
10,10,74,4,
10,10,76,3,
10,10,79,2,
10,10,81,2,
10,10,83,2,
10,10,85,1,
10,10,87,1,
10,10,89,1,
10,10,91,1,
10,10,93,1,
10,10,95,1,41
15,1,0,24,
15,1,28,12,
15,1,30,12,
15,1,32,11,
15,1,34,11,
15,1,36,11,
15,1,38,10,
15,1,40,8,
15,1,42,6,
15,1,44,6,
15,1,46,3,
15,1,48,3,
15,1,50,3,
15,1,52,2,
15,1,54,2,
15,1,56,2,
15,1,58,2,
15,1,60,1,
15,1,62,1,
15,1,64,1,
15,1,66,1,
15,1,68,1,
15,1,70,1,4
15,2,0,24,
15,2,19,10,
15,2,27,9,
15,2,28,8,
15,2,30,8,
15,2,32,8,
15,2,34,8,
15,2,36,7,
15,2,38,6,
15,2,40,6,
15,2,42,6,
15,2,44,3,
15,2,46,1,
15,2,48,1,
15,2,50,1,
15,2,52,1,
15,2,54,1,
15,2,56,1,
15,2,58,1,
15,2,60,1,44
15,3,0,24,
15,3,19,11,
15,3,28,10,
15,3,30,10,
15,3,32,10,
15,3,34,10,
15,3,36,10,
15,3,38,9,
15,3,40,8,
15,3,42,8,18
15,3,44,8,16
15,3,46,7,
15,3,48,7,
15,3,50,7,26
15,3,52,7,
15,3,54,6,28
15,3,56,5,
15,3,58,5,42
15,3,60,5,61
15,3,62,5,
15,3,64,5,
15,3,66,5,
15,3,68,5,
15,3,70,5,
15,3,72,5,
15,3,74,5,
15,3,76,5,
15,3,79,5,
15,3,81,5,3
15,3,83,5,
15,3,85,5,
15,3,87,5,
15,3,89,5,29
15,3,91,5,
15,3,93,5,
15,3,95,5,
15,3,97,5,5
15,3,99,5,
15,3,101,4,18
15,3,103,4,
15,3,105,4,
15,3,107,4,20
15,3,109,4,
15,3,111,4,
15,3,113,4,
15,3,115,4,
15,3,117,4,
15,3,119,3,
15,3,121,3,
15,3,123,3,
15,3,125,3,
15,3,127,3,
15,3,129,3,
15,3,131,3,
15,3,133,3,16
15,3,135,3,19
15,3,137,3,
15,3,139,3,
15,3,141,3,
15,3,143,3,1
15,3,145,3,
15,3,147,3,
15,3,149,3,48
15,3,153,3,22
15,3,155,3,4
15,3,157,3,
15,3,159,2,
15,3,161,2,
15,3,163,2,20
15,3,165,2,
15,3,167,2,20
15,3,169,2,7
15,3,174,1,
15,4,0,24,
15,4,24,15,
15,4,25,14,
15,4,28,13,
15,4,30,13,
15,4,32,11,
15,4,34,11,
15,4,36,11,
15,4,38,11,
15,4,40,10,
15,4,42,10,
15,4,44,9,
15,4,46,9,11
15,4,48,9,
15,4,50,8,
15,4,52,7,
15,4,54,7,
15,4,56,5,
15,4,58,4,
15,4,60,4,
15,4,62,4,
15,4,64,4,
15,4,66,3,
15,4,68,2,
15,4,70,2,20
15,4,72,2,
15,4,74,2,8
15,4,76,2,
15,4,79,2,43
15,4,81,2,
15,4,83,2,
15,4,85,2,24
15,4,87,2,18
15,4,89,2,
15,4,91,2,
15,4,93,1,14
15,4,95,1,
15,4,97,1,
15,4,99,1,
15,4,101,1,
15,4,103,1,13
15,4,105,1,
15,4,107,1,
15,4,109,1,
15,4,111,1,15
15,4,113,1,
15,4,115,1,
15,4,117,1,
15,4,119,1,21
15,4,121,1,
15,4,123,1,
15,4,125,1,
15,4,127,1,17
15,4,129,1,
15,4,131,1,36
15,5,0,24,
15,5,21,11,
15,5,28,10,
15,5,30,10,
15,5,32,10,
15,5,34,7,
15,5,36,6,
15,5,38,5,
15,5,40,3,
15,5,42,3,
15,5,44,3,
15,5,46,3,
15,5,48,3,
15,5,50,2,
15,5,52,2,
15,5,54,2,
15,5,56,2,
15,5,58,2,14
15,5,60,2,
15,5,62,2,
15,5,64,2,
15,5,66,2,
15,5,68,2,
15,5,70,2,10
15,5,72,1,
15,5,74,1,39
15,5,76,1,
15,5,79,1,
15,5,81,1,
15,5,83,1,22
15,5,85,1,
15,5,87,1,
15,5,89,1,
15,5,91,1,
15,5,93,1,
15,5,95,1,17
15,5,97,1,
15,5,99,1,
15,5,101,1,
15,5,103,1,
15,5,105,1,
15,5,107,1,
15,5,109,1,20
15,6,0,24,
15,6,28,13,
15,6,30,13,
15,6,32,13,
15,6,34,12,
15,6,36,12,
15,6,38,11,
15,6,40,10,
15,6,42,9,
15,6,44,9,23
15,6,46,9,
15,6,48,9,
15,6,50,9,41
15,6,52,8,12
15,6,54,8,53
15,6,56,8,
15,6,58,8,13
15,6,60,8,
15,6,62,8,
15,6,64,7,
15,6,66,7,
15,6,68,7,6
15,6,70,7,
15,6,72,7,
15,6,74,7,32
15,6,76,7,
15,6,79,7,34
15,6,81,7,
15,6,83,7,
15,6,85,7,
15,6,87,7,
15,6,89,7,16
15,6,91,7,13
15,6,93,7,5
15,6,95,7,
15,6,97,7,10
15,6,99,7,10
15,6,101,7,
15,6,103,7,
15,6,105,6,
15,6,107,6,
15,6,109,6,
15,6,111,6,46
15,6,113,6,
15,6,115,6,35
15,6,117,5,
15,6,119,4,9
15,6,121,4,
15,6,123,3,
15,6,125,3,
15,6,127,3,4
15,6,129,3,
15,6,131,3,
15,6,133,3,
15,6,135,3,
15,6,137,3,
15,6,139,3,10
15,6,141,3,12
15,6,143,3,
15,6,145,3,12
15,6,147,3,
15,6,149,3,3
15,6,153,3,
15,6,155,2,
15,6,157,2,
15,6,159,2,
15,6,161,2,
15,6,163,2,
15,6,165,2,
15,6,167,2,
15,6,169,2,
15,6,171,2,15
15,6,173,1,
15,6,175,1,
15,6,177,1,
15,6,179,1,
15,6,181,1,2
15,6,183,1,
15,6,185,1,5
15,7,0,24,
15,7,28,21,
15,7,30,21,
15,7,32,21,
15,7,34,20,
15,7,36,20,
15,7,38,18,
15,7,40,17,19
15,7,42,17,
15,7,44,17,
15,7,46,17,
15,7,48,16,25
15,7,50,15,
15,7,52,15,29
15,7,54,12,
15,7,56,12,
15,7,58,12,
15,7,60,11,
15,7,62,9,
15,7,64,9,
15,7,66,9,34
15,7,68,9,
15,7,70,9,34
15,7,72,9,49
15,7,74,9,
15,7,76,9,
15,7,79,9,17
15,7,81,9,
15,7,83,9,
15,7,85,9,
15,7,87,9,
15,7,89,9,
15,7,91,8,8
15,7,93,8,
15,7,95,8,17
15,7,97,8,
15,7,99,8,30
15,7,101,7,
15,7,103,7,
15,7,105,7,33
15,7,107,5,
15,7,109,5,
15,7,111,4,
15,7,113,4,
15,7,115,4,9
15,7,117,4,
15,7,119,4,
15,7,121,4,
15,7,123,4,
15,7,125,4,
15,7,127,4,37
15,7,129,4,5
15,7,131,3,3
15,7,133,3,
15,7,135,2,
15,7,137,2,13
15,7,139,2,
15,7,141,2,
15,7,143,2,31
15,7,145,2,
15,7,147,2,
15,7,149,2,24
15,7,153,2,
15,7,155,2,
15,7,157,2,19
15,7,159,2,
15,7,161,2,16
15,7,163,2,
15,7,165,2,
15,7,167,2,
15,7,169,1,12
15,8,0,24,
15,8,28,17,1
15,8,30,16,
15,8,32,16,
15,8,34,16,31
15,8,36,16,
15,8,38,15,
15,8,40,15,24
15,8,42,13,25
15,8,44,13,
15,8,46,12,27
15,8,48,12,
15,8,50,12,
15,8,52,12,
15,8,54,12,
15,8,56,12,
15,8,58,10,
15,8,60,10,
15,8,62,9,
15,8,64,9,
15,8,66,9,56
15,8,68,9,
15,8,70,9,
15,8,72,9,84
15,8,74,9,73
15,8,76,9,
15,8,79,9,22
15,8,81,8,
15,8,83,7,
15,8,85,7,15
15,8,87,7,
15,8,89,7,
15,8,91,7,28
15,8,93,7,24
15,8,95,7,31
15,8,97,7,
15,8,99,7,
15,8,101,7,
15,8,103,6,
15,8,105,5,
15,8,107,5,
15,8,109,4,
15,8,111,4,
15,8,113,4,
15,8,115,4,
15,8,117,4,
15,8,119,4,
15,8,121,3,1
15,8,123,3,
15,8,125,3,
15,8,127,3,
15,8,129,3,37
15,8,131,3,
15,8,133,2,
15,8,135,2,
15,8,137,2,
15,8,139,2,
15,8,141,2,
15,8,143,2,
15,8,145,2,36
15,8,147,2,
15,8,149,2,
15,8,153,2,
15,8,155,2,7
15,8,157,1,
15,8,159,1,
15,8,161,1,10
15,9,0,24,
15,9,28,24,
15,9,30,24,
15,9,32,24,
15,9,34,24,
15,9,36,24,
15,9,38,24,
15,9,40,18,1
15,9,42,14,40
15,9,44,14,13
15,9,46,13,
15,9,48,12,
15,9,50,12,27
15,9,52,10,
15,9,54,10,
15,9,56,10,77
15,9,58,10,20
15,9,60,9,
15,9,62,9,
15,9,64,8,
15,9,66,8,26
15,9,68,8,33
15,9,70,8,
15,9,72,8,17
15,9,74,8,
15,9,76,8,
15,9,79,8,45
15,9,81,7,10
15,9,83,7,
15,9,85,7,1
15,9,87,7,
15,9,89,7,
15,9,91,7,16
15,9,93,6,
15,9,95,5,
15,9,97,5,
15,9,99,5,31
15,9,101,4,
15,9,103,4,
15,9,105,4,
15,9,107,4,
15,9,109,4,
15,9,111,4,1
15,9,113,3,
15,9,115,3,
15,9,117,3,
15,9,119,3,30
15,9,121,3,
15,9,123,2,
15,9,125,2,1
15,9,130,1,
15,10,0,24,
15,10,28,17,
15,10,30,17,
15,10,32,17,
15,10,34,16,
15,10,36,15,
15,10,38,15,28
15,10,40,15,
15,10,42,15,29
15,10,44,15,20
15,10,46,12,11
15,10,48,11,22
15,10,50,10,39
15,10,52,10,66
15,10,54,10,14
15,10,56,8,4
15,10,58,8,23
15,10,60,8,26
15,10,62,8,
15,10,64,8,7
15,10,66,8,62
15,10,68,8,34
15,10,70,8,15
15,10,72,8,89
15,10,74,8,9
15,10,76,8,7
15,10,79,7,64
15,10,81,7,10
15,10,83,6,35
15,10,85,6,
15,10,87,6,1
15,10,89,6,24
15,10,91,6,79
15,10,93,6,25
15,10,95,6,
15,10,97,5,16
15,10,99,4,50
15,10,101,4,
15,10,103,4,
15,10,105,3,22
15,10,107,3,26
15,10,109,3,19
15,10,111,2,
15,10,113,2,
15,10,115,2,
15,10,117,2,22
15,10,119,2,
15,10,121,2,
15,10,123,2,8
15,10,125,1,
15,10,127,1,
15,10,129,1,7
